Date,Clicks,Impressions,CTR,Position
2026-06-27,0,2,0%,56.5
2026-06-28,0,3,0%,136.7
2026-06-29,0,3,0%,36.3
2026-06-30,0,1,0%,56
2026-07-01,0,5,0%,13
2026-07-02,0,1,0%,62
2026-07-03,1,5,20%,27.2
2026-07-04,0,3,0%,53.3
2026-07-05,0,3,0%,61.7
2026-07-06,0,4,0%,49.2
2026-07-07,0,1,0%,59
2026-07-08,0,1,0%,4
2026-07-09,2,8,25%,31.8
2026-07-10,0,1,0%,54
2026-07-11,1,3,33.33%,35.3
2026-07-12,1,2,50%,13
2026-07-13,0,4,0%,62.2
2026-07-14,0,3,0%,48
2026-07-15,0,4,0%,19
2026-07-16,0,3,0%,30
2026-07-17,0,3,0%,5
2026-07-18,0,5,0%,23
2026-07-19,0,0,,
2026-07-20,0,4,0%,20.2
2026-07-21,0,3,0%,20.7
2026-07-22,0,5,0%,58.4
2026-07-23,0,4,0%,21
2026-07-24,0,4,0%,30.5
2026-07-25,0,1,0%,43
2026-07-26,0,3,0%,5
2026-07-27,0,3,0%,32.7
2026-07-28,0,2,0%,10
2026-07-29,0,5,0%,12.2
2026-07-30,0,3,0%,25
2026-07-31,0,8,0%,10.1
2026-08-01,0,2,0%,29.5
2026-08-02,0,5,0%,38
2026-08-03,0,5,0%,22.4
2026-08-04,0,2,0%,43.5
2026-08-05,0,4,0%,31
2026-08-06,0,2,0%,60
2026-08-07,0,4,0%,29.5
2026-08-08,0,2,0%,33.5
2026-08-09,0,3,0%,24.7
2026-08-10,0,10,0%,24.3
2026-08-11,0,4,0%,36.5
2026-08-12,0,4,0%,22.8
2026-08-13,0,2,0%,35
2026-08-14,0,4,0%,25
2026-08-15,0,6,0%,30.3
2026-08-16,0,6,0%,16.7
2026-08-17,0,2,0%,56
2026-08-18,0,4,0%,37.2
2026-08-19,0,5,0%,40.4
2026-08-20,0,3,0%,31.3
2026-08-21,0,4,0%,26.8
2026-08-22,0,6,0%,29.5
2026-08-23,0,1,0%,8
2026-08-24,0,3,0%,27
2026-08-25,0,3,0%,46.7
2026-08-26,0,6,0%,36.2
2026-08-27,0,8,0%,24.8
2026-08-28,0,4,0%,27.2
2026-08-29,0,3,0%,46.7
2026-08-30,0,5,0%,45.8
2026-08-31,0,7,0%,35.9
2026-09-01,0,6,0%,16.8
2026-09-02,0,5,0%,18.6
2026-09-03,0,6,0%,18.8
2026-09-04,0,4,0%,47.5
2026-09-05,0,0,,
2026-09-06,0,1,0%,1
2026-09-07,0,5,0%,22.2
2026-09-08,0,4,0%,5.5
2026-09-09,0,3,0%,14.3
2026-09-10,0,1,0%,10
2026-09-11,1,3,33.33%,7
2026-09-12,0,1,0%,75
2026-09-13,0,1,0%,7
2026-09-14,1,6,16.67%,13.5
2026-09-15,0,1,0%,48
2026-09-16,0,3,0%,3.3
2026-09-17,1,3,33.33%,5.3
2026-09-18,0,1,0%,9
2026-09-19,1,6,16.67%,25.2
2026-09-20,0,0,,
2026-09-21,0,3,0%,32.7
2026-09-22,0,2,0%,10.5
2026-09-23,0,4,0%,63.8
2026-09-24,0,6,0%,8.5
2026-09-25,0,1,0%,2
2026-09-26,0,3,0%,33