Country,Clicks,Impressions,CTR,Position
United Kingdom,7,146,4.79%,41.37
United States,1,69,1.45%,17.67
Nigeria,1,1,100%,1
Brazil,0,9,0%,5.44
France,0,8,0%,9.12
India,0,8,0%,93.62
Jamaica,0,6,0%,7
Canada,0,6,0%,7.5
Ghana,0,5,0%,8.8
Australia,0,3,0%,2.67
Germany,0,3,0%,6.67
China,0,3,0%,7.33
Italy,0,3,0%,9.33
Singapore,0,3,0%,15
Vietnam,0,3,0%,19
Ireland,0,3,0%,22.33
Turkey,0,3,0%,46.67
Sweden,0,2,0%,4
Yemen,0,2,0%,5
Namibia,0,2,0%,6
Mayotte,0,2,0%,7
United Arab Emirates,0,2,0%,72
Indonesia,0,2,0%,73
Bangladesh,0,1,0%,2
Guyana,0,1,0%,5
Japan,0,1,0%,5
Kenya,0,1,0%,5
Ukraine,0,1,0%,5
Austria,0,1,0%,6
Bahamas,0,1,0%,6
Dominica,0,1,0%,6
Belize,0,1,0%,7
Curaçao,0,1,0%,7
Ecuador,0,1,0%,8
Guadeloupe,0,1,0%,8
Israel,0,1,0%,8
St. Kitts & Nevis,0,1,0%,8
Sint Maarten,0,1,0%,8
Denmark,0,1,0%,9
Cuba,0,1,0%,11
Zimbabwe,0,1,0%,11
Switzerland,0,1,0%,12
Gabon,0,1,0%,12
Portugal,0,1,0%,12
Russia,0,1,0%,29
Serbia,0,1,0%,41
Bosnia & Herzegovina,0,1,0%,48
Colombia,0,1,0%,48
South Korea,0,1,0%,58
Philippines,0,1,0%,76