Top pages,Clicks,Impressions,CTR,Position
https://920luxury.com/,6,39,15.38%,5.18
https://920luxury.com/about,1,21,4.76%,4.48
https://www.920luxury.com/collections/all,1,11,9.09%,2.82
https://www.920luxury.com/collections/frontpage,1,5,20%,2.8
https://920luxury.com/products/french-curls-1b-copy,1,3,33.33%,10.33
https://920luxury.com/products/deep-wave,0,108,0%,15.28
https://920luxury.com/products/burmese-curl-1,0,84,0%,55
https://920luxury.com/contact,0,29,0%,29.86
https://920luxury.com/products/body-wave,0,27,0%,56.44
https://www.920luxury.com/pages/press,0,22,0%,6.5
https://www.920luxury.com/privacy-policy,0,10,0%,3.1
https://www.920luxury.com/about,0,9,0%,3.11
https://920luxury.com/pages/faq,0,9,0%,6.11
https://920luxury.com/booking,0,9,0%,7.89
https://www.920luxury.com/products/french-curls-30,0,7,0%,10.57
https://920luxury.com/pages/returns,0,6,0%,3.83
https://920luxury.com/pages/sustainability,0,6,0%,6.33
https://920luxury.com/products/french-curls-4,0,6,0%,21
https://www.920luxury.com/booking,0,5,0%,1.4
https://www.920luxury.com/contact,0,5,0%,1.4
https://920luxury.com/pages/sizing,0,5,0%,6.6
https://920luxury.com/pages/careers,0,5,0%,7.2
https://shop.920luxury.com/,0,5,0%,8
https://www.920luxury.com/collections/beauty-example-products,0,4,0%,3
https://www.920luxury.com/collections/new,0,4,0%,5.25
https://shop.920luxury.com/products/appointment-deposit-weekend,0,4,0%,76.5
https://920luxury.com/disclaimer,0,3,0%,4.33
https://920luxury.com/products/french-curls-30,0,3,0%,7.67
https://920luxury.com/pages/shipping,0,3,0%,8.33
https://www.920luxury.com/collections/braiding,0,2,0%,2.5
https://shop.920luxury.com/products/deep-wave?variant=56534480454018,0,1,0%,1
https://www.920luxury.com/collections/extensions,0,1,0%,3
https://www.920luxury.com/products/boho-bundles-deep-curly?variant=56464850289026,0,1,0%,8