Top queries,Clicks,Impressions,CTR,Position
french curl 27,1,1,100%,9
burmese hair,0,52,0%,60.19
burmese curly hair,0,24,0%,49.46
18 inch deep wave,0,16,0%,9.94
body wave,0,15,0%,68.4
deep wave 18 inch,0,6,0%,9.5
18 inch deep wave hair,0,5,0%,14.4
18 inch deep wave length,0,5,0%,22.8
luxury curls fr,0,3,0%,7.33
deep 18,0,3,0%,23
deep wave,0,3,0%,53
18 inch deep wave wig,0,2,0%,26.5
deep 18+,0,2,0%,38
deep wide,0,2,0%,39
body wage,0,2,0%,47.5
hair body wave,0,2,0%,60.5
burmese curly,0,2,0%,69
appointment deposit collection,0,2,0%,72
collect deposits for appointments online,0,2,0%,81
french curls 30,0,1,0%,5
18 inch deep wave bundles,0,1,0%,6
burmese curl,0,1,0%,11
long hair burmese,0,1,0%,17
luxury body wave hair extensions,0,1,0%,22
18 inches deep wave wig,0,1,0%,36
16 inch deep wave,0,1,0%,43
burmese curls hair,0,1,0%,43
deep.wave,0,1,0%,54
long body wave hair,0,1,0%,57
body wavy,0,1,0%,66
deep body wave,0,1,0%,69